<?xml version="1.0" encoding="UTF-8"?><archetype>
  <id>richfaces-archetype-simpleapp</id>
  <sources>
    <source>src/main/java/RichBean.java</source>
  </sources>
  <resources>
    <resource>src/main/webapp/META-INF/MANIFEST.MF</resource>
    <resource>src/main/webapp/WEB-INF/web.xml</resource>
    <resource>src/main/webapp/WEB-INF/faces-config.xml</resource>
    <resource>src/main/webapp/templates/template.xhtml</resource>
    <resource>src/main/webapp/index.xhtml</resource>
    <resource>readme.txt</resource>
  </resources>
</archetype>
