<?xml version="1.0" encoding="UTF-8" standalone="no"?><entities>
	<entity>
		<entity-name>org.open.erp.services.proman.Activitate</entity-name>
		<entity-width>120</entity-width>
		<entity-height>286</entity-height>
		<entity-X-Coordinate>50</entity-X-Coordinate>
		<entity-Y-Coordinate>50</entity-Y-Coordinate>
		<primary-collapsed>false</primary-collapsed>
		<relation-collapsed>false</relation-collapsed>
		<basic-collapsed>false</basic-collapsed>
	</entity>

	<entity>
		<entity-name>org.open.erp.services.proman.Responsabil</entity-name>
		<entity-width>120</entity-width>
		<entity-height>148</entity-height>
		<entity-X-Coordinate>607</entity-X-Coordinate>
		<entity-Y-Coordinate>360</entity-Y-Coordinate>
		<primary-collapsed>false</primary-collapsed>
		<relation-collapsed>false</relation-collapsed>
		<basic-collapsed>false</basic-collapsed>
	</entity>

	<entity>
		<entity-name>org.open.erp.services.proman.Proiect</entity-name>
		<entity-width>120</entity-width>
		<entity-height>266</entity-height>
		<entity-X-Coordinate>607</entity-X-Coordinate>
		<entity-Y-Coordinate>20</entity-Y-Coordinate>
		<primary-collapsed>false</primary-collapsed>
		<relation-collapsed>false</relation-collapsed>
		<basic-collapsed>false</basic-collapsed>
	</entity>

	<entity>
		<entity-name>org.open.erp.services.buget.Buget</entity-name>
		<entity-width>120</entity-width>
		<entity-height>108</entity-height>
		<entity-X-Coordinate>210</entity-X-Coordinate>
		<entity-Y-Coordinate>460</entity-Y-Coordinate>
		<primary-collapsed>false</primary-collapsed>
		<relation-collapsed>false</relation-collapsed>
		<basic-collapsed>false</basic-collapsed>
	</entity>
</entities>