#set( $symbol_pound = '#' )
#set( $symbol_dollar = '$' )
#set( $symbol_escape = '\' )
<?xml version="1.0"?>
<faces-config version="2.0" xmlns="http://java.sun.com/xml/ns/javaee" xmlns:xi="http://www.w3.org/2001/XInclude"
    xmlns:xsi="http://www.w3.org/2001/XMLSchema-instance" xsi:schemaLocation="http://java.sun.com/xml/ns/javaee http://java.sun.com/xml/ns/javaee/web-facesconfig_2_0.xsd">

    <managed-bean>
        <managed-bean-name>richBean</managed-bean-name>
        <managed-bean-class>${package}.RichBean</managed-bean-class>
        <managed-bean-scope>view</managed-bean-scope>
    </managed-bean>
</faces-config>
