<?xml version="1.0" encoding="UTF-8" ?>
<!DOCTYPE log4j:configuration SYSTEM "log4j.dtd">
<log4j:configuration xmlns:log4j="http://jakarta.apache.org/log4j/">
  
	 <!-- Appenders -->
	<appender name="Console" class="org.apache.log4j.ConsoleAppender"> 
	   <layout class="org.apache.log4j.PatternLayout"> 
			<param name="ConversionPattern" value="%d [%t] %-5p %c - %m%n"/> 
	   </layout> 
	</appender>
	<appender name="A2" class="org.apache.log4j.FileAppender">
		<!-- param name="file" value="${user.home}/log.out"/ -->
		<param name="file" value="logs/logERP.txt"/>
		<param name="threshold" value="debug"/>
		<param name="immediateFlush" value="true"/>
		<param name="append" value="false"/>
		<layout class="org.apache.log4j.PatternLayout">
			<param name="ConversionPattern" value="(A2) %d [%t] %-5p %c - %m%n"/> 
		</layout>
	</appender>
  
  
	<!-- Loggers -->
	<logger name="org.open.erp.services.proman.teste">
		<level value="debug"/> 
	</logger>  
	<!-- Root Logger -->
	<root> 
		<priority value ="info" /> 
		<appender-ref ref="Console" /> 
	</root>
  
</log4j:configuration>